,index,class,predicted
0,0,paper,trash
1,1,paper,paper
2,2,paper,trash
3,3,paper,plastic
4,4,paper,plastic
5,5,paper,trash
6,6,paper,plastic
7,7,paper,trash
8,8,paper,trash
9,9,paper,plastic
10,10,paper,trash
11,11,paper,trash
12,12,paper,paper
13,13,paper,trash
14,14,paper,trash
15,15,paper,plastic
16,16,paper,trash
17,17,paper,plastic
18,18,paper,trash
19,19,paper,trash
20,20,paper,plastic
21,21,paper,trash
22,22,paper,trash
23,23,paper,trash
24,24,paper,trash
25,25,paper,plastic
26,26,paper,plastic
27,27,paper,trash
28,28,paper,trash
29,29,paper,trash
30,30,paper,plastic
31,31,paper,plastic
32,32,paper,plastic
33,33,paper,trash
34,34,paper,plastic
35,35,paper,plastic
36,36,paper,trash
37,37,paper,trash
38,38,paper,trash
39,39,paper,trash
40,40,paper,plastic
41,41,paper,plastic
42,42,paper,trash
43,43,paper,plastic
44,44,paper,trash
45,45,paper,trash
46,46,paper,trash
47,47,paper,plastic
48,48,paper,plastic
49,49,paper,plastic
50,50,paper,trash
51,51,paper,trash
52,52,paper,plastic
53,53,paper,trash
54,54,paper,trash
55,55,paper,trash
56,56,paper,trash
57,57,paper,trash
58,58,paper,plastic
59,59,paper,trash
60,60,paper,trash
61,61,paper,plastic
62,62,paper,plastic
63,63,paper,trash
64,64,paper,trash
65,65,paper,trash
66,66,paper,trash
67,67,paper,trash
68,68,paper,trash
69,69,paper,plastic
70,70,paper,trash
71,71,paper,trash
72,72,paper,trash
73,73,paper,trash
74,74,paper,trash
75,75,paper,trash
76,76,paper,trash
77,77,paper,trash
78,78,paper,trash
79,79,paper,trash
80,80,paper,trash
81,81,paper,trash
82,82,paper,plastic
83,83,paper,trash
84,84,paper,trash
85,85,paper,trash
86,86,paper,plastic
87,87,paper,trash
88,88,paper,trash
89,89,paper,plastic
90,90,paper,trash
91,91,paper,trash
92,92,paper,trash
93,93,paper,plastic
94,94,paper,plastic
95,95,paper,trash
96,96,paper,trash
97,97,paper,trash
98,98,paper,trash
99,99,paper,trash
100,100,paper,plastic
101,101,paper,plastic
102,102,paper,trash
103,103,paper,trash
104,104,paper,plastic
105,105,paper,trash
106,106,paper,trash
107,107,paper,trash
108,108,paper,plastic
109,109,paper,trash
110,110,paper,plastic
111,111,paper,trash
112,112,paper,trash
113,113,paper,plastic
114,114,paper,trash
115,115,paper,plastic
116,116,paper,trash
117,117,paper,paper
118,118,paper,paper
119,119,paper,trash
120,120,paper,trash
121,121,paper,plastic
122,122,paper,trash
123,123,paper,trash
124,124,paper,trash
125,125,paper,trash
126,126,paper,plastic
127,127,paper,paper
128,128,paper,trash
129,129,paper,trash
130,130,paper,trash
131,131,paper,trash
132,132,paper,trash
133,133,paper,plastic
134,134,paper,trash
135,135,paper,trash
136,136,paper,plastic
137,137,paper,trash
138,138,paper,trash
139,139,paper,plastic
140,140,paper,plastic
141,141,paper,trash
142,142,paper,trash
143,143,paper,trash
144,144,paper,plastic
145,145,paper,plastic
146,146,paper,trash
147,147,paper,plastic
148,148,paper,trash
149,149,paper,trash
150,150,paper,trash
151,151,paper,trash
152,152,paper,trash
153,153,paper,trash
154,154,paper,trash
155,155,paper,trash
156,156,paper,trash
157,157,paper,trash
158,158,paper,trash
159,159,paper,trash
160,160,paper,trash
161,161,paper,trash
162,162,paper,trash
163,163,paper,trash
164,164,paper,trash
165,165,paper,plastic
166,166,paper,trash
167,167,paper,trash
168,168,paper,trash
169,169,paper,plastic
170,170,paper,trash
171,171,paper,plastic
172,172,paper,paper
173,173,paper,plastic
174,174,paper,trash
175,175,paper,trash
176,176,paper,trash
177,177,paper,trash
178,178,paper,plastic
179,179,paper,trash
180,180,paper,trash
181,181,paper,paper
182,182,paper,plastic
183,183,paper,trash
184,184,paper,trash
185,185,paper,trash
186,186,paper,trash
187,187,paper,trash
188,188,paper,trash
189,189,paper,trash
190,190,paper,plastic
191,191,paper,plastic
192,192,paper,trash
193,193,paper,trash
194,194,paper,trash
195,195,paper,plastic
196,196,paper,trash
197,197,paper,trash
198,198,paper,trash
199,199,paper,paper
200,200,paper,trash
201,201,paper,plastic
202,202,paper,trash
203,203,paper,trash
204,204,paper,trash
205,205,paper,trash
206,206,paper,trash
207,207,paper,plastic
208,208,paper,trash
209,209,paper,trash
210,210,paper,trash
211,211,paper,trash
212,212,paper,plastic
213,213,paper,trash
214,214,paper,trash
215,215,paper,trash
216,216,paper,trash
217,217,paper,trash
218,218,paper,trash
219,219,paper,trash
220,220,paper,trash
221,221,paper,trash
222,222,paper,trash
223,223,paper,trash
224,224,paper,paper
225,225,paper,trash
226,226,paper,trash
227,227,paper,trash
228,228,paper,plastic
229,229,paper,trash
230,230,paper,plastic
231,231,paper,trash
232,232,paper,trash
233,233,paper,plastic
234,234,paper,trash
235,235,paper,trash
236,236,paper,trash
237,237,paper,trash
238,238,paper,trash
239,239,paper,trash
240,240,paper,trash
241,241,paper,trash
242,242,paper,trash
243,243,paper,trash
244,244,paper,plastic
245,245,paper,trash
246,246,paper,plastic
247,247,paper,trash
248,248,paper,trash
249,249,paper,plastic
250,250,paper,plastic
251,251,paper,trash
252,252,paper,plastic
253,253,paper,trash
254,254,paper,plastic
255,255,paper,trash
256,256,paper,paper
257,257,paper,paper
258,258,paper,paper
259,259,paper,trash
260,260,paper,trash
261,261,paper,trash
262,262,paper,trash
263,263,paper,trash
264,264,paper,plastic
265,265,paper,plastic
266,266,paper,trash
267,267,paper,trash
268,268,paper,trash
269,269,paper,trash
270,270,paper,trash
271,271,paper,trash
272,272,paper,plastic
273,273,paper,trash
274,274,paper,trash
275,275,paper,plastic
276,276,paper,trash
277,277,paper,plastic
278,278,paper,trash
279,279,paper,plastic
280,280,paper,plastic
281,281,paper,trash
282,282,paper,trash
283,283,paper,plastic
284,284,paper,trash
285,285,paper,trash
286,286,paper,trash
287,287,paper,trash
288,288,paper,trash
289,289,paper,paper
290,290,paper,trash
291,291,paper,trash
292,292,paper,trash
293,293,paper,trash
294,294,paper,trash
295,295,paper,plastic
296,296,paper,trash
297,297,paper,trash
298,298,paper,trash
299,299,paper,trash
300,300,paper,trash
301,301,paper,trash
302,302,paper,trash
303,303,paper,trash
304,304,paper,trash
305,305,paper,paper
306,306,paper,plastic
307,307,paper,trash
308,308,paper,trash
309,309,paper,plastic
310,310,paper,trash
311,311,paper,plastic
312,312,paper,plastic
313,313,paper,trash
314,314,paper,plastic
315,315,paper,trash
316,316,paper,trash
317,317,paper,plastic
318,318,paper,plastic
319,319,paper,trash
320,320,paper,trash
321,321,paper,trash
322,322,paper,trash
323,323,paper,trash
324,324,paper,plastic
325,325,paper,plastic
326,326,paper,trash
327,327,paper,trash
328,328,paper,trash
329,329,paper,plastic
330,330,paper,plastic
331,331,paper,trash
332,332,paper,trash
333,333,paper,plastic
334,334,paper,trash
335,335,paper,trash
336,336,paper,trash
337,337,paper,trash
338,338,paper,plastic
339,339,paper,plastic
340,340,paper,plastic
341,341,paper,trash
342,342,paper,trash
343,343,paper,trash
344,344,paper,trash
345,345,paper,trash
346,346,paper,trash
347,347,paper,trash
348,348,paper,trash
349,349,paper,plastic
350,350,paper,trash
351,351,paper,paper
352,352,paper,plastic
353,353,paper,trash
354,354,paper,trash
355,355,paper,trash
356,356,paper,trash
357,357,paper,plastic
358,358,paper,plastic
359,359,paper,trash
360,360,paper,plastic
361,361,paper,plastic
362,362,paper,trash
363,363,paper,trash
364,364,paper,plastic
365,365,paper,trash
366,366,paper,plastic
367,367,paper,plastic
368,368,paper,paper
369,369,paper,plastic
370,370,paper,trash
371,371,paper,plastic
372,372,paper,trash
373,373,paper,trash
374,374,paper,plastic
375,375,paper,trash
376,376,paper,paper
377,377,paper,trash
378,378,paper,trash
379,379,paper,trash
380,380,paper,trash
381,381,paper,trash
382,382,paper,paper
383,383,paper,trash
384,384,paper,trash
385,385,paper,trash
386,386,paper,trash
387,387,paper,plastic
388,388,paper,trash
389,389,paper,trash
390,390,paper,plastic
391,391,paper,plastic
392,392,paper,trash
393,393,paper,trash
394,394,paper,plastic
395,395,paper,trash
396,396,paper,trash
397,397,paper,plastic
398,398,paper,trash
399,399,paper,plastic
400,400,paper,plastic
401,401,paper,plastic
402,402,paper,trash
403,403,paper,trash
404,404,paper,trash
405,405,paper,plastic
406,406,paper,paper
407,407,paper,trash
408,408,paper,trash
409,409,paper,trash
410,410,paper,trash
411,411,paper,trash
412,412,paper,trash
413,413,paper,trash
414,414,paper,trash
415,415,paper,trash
416,416,paper,trash
417,417,paper,trash
418,418,paper,trash
419,419,paper,trash
420,420,paper,trash
421,421,paper,trash
422,422,paper,plastic
423,423,paper,paper
424,424,paper,trash
425,425,paper,trash
426,426,paper,trash
427,427,paper,trash
428,428,paper,plastic
429,429,paper,plastic
430,430,paper,trash
431,431,paper,trash
432,432,paper,paper
433,433,paper,trash
434,434,paper,trash
435,435,paper,trash
436,436,paper,trash
437,437,paper,trash
438,438,paper,plastic
439,439,paper,plastic
440,440,paper,trash
441,441,paper,plastic
442,442,paper,trash
443,443,paper,trash
444,444,paper,plastic
445,445,paper,trash
446,446,paper,trash
447,447,paper,trash
448,448,paper,trash
449,449,paper,trash
450,450,paper,trash
451,451,paper,trash
452,452,paper,trash
453,453,paper,plastic
454,454,paper,trash
455,455,paper,trash
456,456,paper,plastic
457,457,paper,trash
458,458,paper,trash
459,459,paper,trash
460,460,paper,plastic
461,461,paper,trash
462,462,paper,plastic
463,463,paper,trash
464,464,paper,trash
465,465,paper,trash
466,466,paper,trash
467,467,paper,plastic
468,468,paper,plastic
469,469,paper,trash
470,470,paper,trash
471,471,paper,trash
472,472,paper,trash
473,473,paper,trash
474,474,paper,trash
475,475,paper,trash
476,476,paper,trash
477,477,paper,trash
478,478,paper,trash
479,479,paper,trash
480,480,paper,trash
481,481,paper,trash
482,482,paper,trash
483,483,paper,trash
484,484,paper,trash
485,485,paper,plastic
486,486,paper,plastic
487,487,paper,plastic
488,488,paper,trash
489,489,paper,paper
490,490,paper,trash
491,491,paper,trash
492,492,paper,trash
493,493,paper,trash
494,494,paper,plastic
495,495,paper,plastic
496,496,paper,plastic
497,497,paper,plastic
498,498,paper,trash
499,499,paper,plastic
500,500,paper,plastic
501,501,paper,trash
502,502,paper,plastic
503,503,paper,trash
504,504,paper,trash
505,505,paper,trash
506,506,paper,trash
507,507,paper,plastic
508,508,paper,trash
509,509,paper,trash
510,510,paper,trash
511,511,paper,plastic
512,512,paper,trash
513,513,paper,plastic
514,514,paper,paper
515,515,paper,trash
516,516,paper,trash
517,517,paper,trash
518,518,paper,trash
519,519,paper,trash
520,520,paper,trash
521,521,paper,trash
522,522,paper,plastic
523,523,paper,trash
524,524,paper,trash
525,525,paper,trash
526,526,paper,plastic
527,527,paper,trash
528,528,paper,trash
529,529,paper,trash
530,530,paper,plastic
531,531,paper,trash
532,532,paper,plastic
533,533,paper,trash
534,534,paper,trash
535,535,paper,trash
536,536,paper,trash
537,537,paper,paper
538,538,paper,plastic
539,539,paper,trash
540,540,paper,plastic
541,541,paper,plastic
542,542,paper,trash
543,543,paper,plastic
544,544,paper,trash
545,545,paper,plastic
546,546,paper,trash
547,547,paper,trash
548,548,paper,trash
549,549,paper,plastic
550,550,paper,paper
551,551,paper,plastic
552,552,paper,trash
553,553,paper,plastic
554,554,paper,trash
555,555,paper,plastic
556,556,paper,plastic
557,557,paper,trash
558,558,paper,trash
559,559,paper,trash
560,560,paper,trash
561,561,paper,trash
562,562,paper,plastic
563,563,paper,trash
564,564,paper,trash
565,565,paper,trash
566,566,paper,plastic
567,567,paper,trash
568,568,paper,trash
569,569,paper,plastic
570,570,paper,trash
571,571,paper,trash
572,572,paper,trash
573,573,paper,plastic
574,574,paper,trash
575,575,paper,plastic
576,576,paper,plastic
577,577,paper,trash
578,578,paper,trash
579,579,paper,plastic
580,580,paper,trash
581,581,paper,trash
582,582,paper,plastic
583,583,paper,trash
584,584,paper,trash
585,585,paper,trash
586,586,paper,trash
587,587,paper,trash
588,588,paper,paper
589,589,paper,trash
590,590,paper,trash
591,591,paper,plastic
592,592,paper,trash
593,593,paper,trash
594,594,metal,plastic
595,595,metal,plastic
596,596,metal,trash
597,597,metal,plastic
598,598,metal,trash
599,599,metal,trash
600,600,metal,plastic
601,601,metal,trash
602,602,metal,plastic
603,603,metal,trash
604,604,metal,trash
605,605,metal,plastic
606,606,metal,plastic
607,607,metal,plastic
608,608,metal,trash
609,609,metal,trash
610,610,metal,trash
611,611,metal,plastic
612,612,metal,trash
613,613,metal,trash
614,614,metal,plastic
615,615,metal,trash
616,616,metal,trash
617,617,metal,plastic
618,618,metal,trash
619,619,metal,trash
620,620,metal,trash
621,621,metal,trash
622,622,metal,plastic
623,623,metal,plastic
624,624,metal,trash
625,625,metal,trash
626,626,metal,plastic
627,627,metal,plastic
628,628,metal,trash
629,629,metal,trash
630,630,metal,plastic
631,631,metal,plastic
632,632,metal,trash
633,633,metal,plastic
634,634,metal,plastic
635,635,metal,trash
636,636,metal,trash
637,637,metal,plastic
638,638,metal,plastic
639,639,metal,plastic
640,640,metal,trash
641,641,metal,plastic
642,642,metal,trash
643,643,metal,plastic
644,644,metal,plastic
645,645,metal,plastic
646,646,metal,trash
647,647,metal,trash
648,648,metal,trash
649,649,metal,trash
650,650,metal,plastic
651,651,metal,trash
652,652,metal,plastic
653,653,metal,trash
654,654,metal,trash
655,655,metal,trash
656,656,metal,trash
657,657,metal,plastic
658,658,metal,trash
659,659,metal,trash
660,660,metal,plastic
661,661,metal,trash
662,662,metal,plastic
663,663,metal,trash
664,664,metal,trash
665,665,metal,trash
666,666,metal,trash
667,667,metal,trash
668,668,metal,plastic
669,669,metal,plastic
670,670,metal,trash
671,671,metal,plastic
672,672,metal,trash
673,673,metal,trash
674,674,metal,trash
675,675,metal,trash
676,676,metal,trash
677,677,metal,plastic
678,678,metal,trash
679,679,metal,plastic
680,680,metal,trash
681,681,metal,trash
682,682,metal,trash
683,683,metal,trash
684,684,metal,plastic
685,685,metal,trash
686,686,metal,plastic
687,687,metal,trash
688,688,metal,trash
689,689,metal,plastic
690,690,metal,trash
691,691,metal,plastic
692,692,metal,trash
693,693,metal,trash
694,694,metal,plastic
695,695,metal,trash
696,696,metal,plastic
697,697,metal,plastic
698,698,metal,trash
699,699,metal,trash
700,700,metal,plastic
701,701,metal,trash
702,702,metal,plastic
703,703,metal,plastic
704,704,metal,trash
705,705,metal,trash
706,706,metal,plastic
707,707,metal,trash
708,708,metal,paper
709,709,metal,trash
710,710,metal,plastic
711,711,metal,plastic
712,712,metal,trash
713,713,metal,trash
714,714,metal,trash
715,715,metal,plastic
716,716,metal,trash
717,717,metal,trash
718,718,metal,trash
719,719,metal,trash
720,720,metal,trash
721,721,metal,trash
722,722,metal,trash
723,723,metal,trash
724,724,metal,trash
725,725,metal,trash
726,726,metal,plastic
727,727,metal,trash
728,728,metal,trash
729,729,metal,plastic
730,730,metal,plastic
731,731,metal,trash
732,732,metal,plastic
733,733,metal,trash
734,734,metal,trash
735,735,metal,plastic
736,736,metal,plastic
737,737,metal,plastic
738,738,metal,plastic
739,739,metal,trash
740,740,metal,trash
741,741,metal,trash
742,742,metal,trash
743,743,metal,plastic
744,744,metal,plastic
745,745,metal,trash
746,746,metal,trash
747,747,metal,plastic
748,748,metal,plastic
749,749,metal,plastic
750,750,metal,trash
751,751,metal,trash
752,752,metal,trash
753,753,metal,trash
754,754,metal,trash
755,755,metal,trash
756,756,metal,trash
757,757,metal,trash
758,758,metal,plastic
759,759,metal,trash
760,760,metal,trash
761,761,metal,trash
762,762,metal,trash
763,763,metal,plastic
764,764,metal,plastic
765,765,metal,trash
766,766,metal,trash
767,767,metal,plastic
768,768,metal,plastic
769,769,metal,plastic
770,770,metal,plastic
771,771,metal,trash
772,772,metal,trash
773,773,metal,trash
774,774,metal,trash
775,775,metal,trash
776,776,metal,trash
777,777,metal,trash
778,778,metal,trash
779,779,metal,trash
780,780,metal,plastic
781,781,metal,trash
782,782,metal,trash
783,783,metal,plastic
784,784,metal,plastic
785,785,metal,plastic
786,786,metal,trash
787,787,metal,trash
788,788,metal,plastic
789,789,metal,trash
790,790,metal,trash
791,791,metal,plastic
792,792,metal,plastic
793,793,metal,trash
794,794,metal,plastic
795,795,metal,plastic
796,796,metal,trash
797,797,metal,trash
798,798,metal,plastic
799,799,metal,plastic
800,800,metal,plastic
801,801,metal,plastic
802,802,metal,trash
803,803,metal,trash
804,804,metal,trash
805,805,metal,plastic
806,806,metal,trash
807,807,metal,trash
808,808,metal,trash
809,809,metal,trash
810,810,metal,trash
811,811,metal,trash
812,812,metal,trash
813,813,metal,trash
814,814,metal,trash
815,815,metal,trash
816,816,metal,trash
817,817,metal,trash
818,818,metal,trash
819,819,metal,plastic
820,820,metal,trash
821,821,metal,trash
822,822,metal,trash
823,823,metal,trash
824,824,metal,trash
825,825,metal,plastic
826,826,metal,trash
827,827,metal,trash
828,828,metal,trash
829,829,metal,plastic
830,830,metal,trash
831,831,metal,trash
832,832,metal,trash
833,833,metal,trash
834,834,metal,trash
835,835,metal,trash
836,836,metal,plastic
837,837,metal,plastic
838,838,metal,trash
839,839,metal,trash
840,840,metal,trash
841,841,metal,trash
842,842,metal,trash
843,843,metal,trash
844,844,metal,trash
845,845,metal,plastic
846,846,metal,trash
847,847,metal,trash
848,848,metal,plastic
849,849,metal,trash
850,850,metal,trash
851,851,metal,trash
852,852,metal,plastic
853,853,metal,trash
854,854,metal,trash
855,855,metal,trash
856,856,metal,plastic
857,857,metal,plastic
858,858,metal,trash
859,859,metal,plastic
860,860,metal,plastic
861,861,metal,plastic
862,862,metal,plastic
863,863,metal,plastic
864,864,metal,trash
865,865,metal,trash
866,866,metal,trash
867,867,metal,trash
868,868,metal,plastic
869,869,metal,trash
870,870,metal,trash
871,871,metal,plastic
872,872,metal,trash
873,873,metal,plastic
874,874,metal,plastic
875,875,metal,trash
876,876,metal,trash
877,877,metal,trash
878,878,metal,trash
879,879,metal,trash
880,880,metal,trash
881,881,metal,plastic
882,882,metal,trash
883,883,metal,plastic
884,884,metal,plastic
885,885,metal,trash
886,886,metal,trash
887,887,metal,plastic
888,888,metal,plastic
889,889,metal,plastic
890,890,metal,plastic
891,891,metal,plastic
892,892,metal,plastic
893,893,metal,trash
894,894,metal,trash
895,895,metal,trash
896,896,metal,trash
897,897,metal,trash
898,898,metal,trash
899,899,metal,plastic
900,900,metal,plastic
901,901,metal,plastic
902,902,metal,trash
903,903,metal,trash
904,904,metal,plastic
905,905,metal,plastic
906,906,metal,trash
907,907,metal,trash
908,908,metal,trash
909,909,metal,trash
910,910,metal,trash
911,911,metal,trash
912,912,metal,plastic
913,913,metal,trash
914,914,metal,trash
915,915,metal,plastic
916,916,metal,plastic
917,917,metal,plastic
918,918,metal,plastic
919,919,metal,plastic
920,920,metal,trash
921,921,metal,trash
922,922,metal,plastic
923,923,metal,trash
924,924,metal,trash
925,925,metal,trash
926,926,metal,trash
927,927,metal,plastic
928,928,metal,trash
929,929,metal,trash
930,930,metal,trash
931,931,metal,trash
932,932,metal,plastic
933,933,metal,trash
934,934,metal,trash
935,935,metal,plastic
936,936,metal,trash
937,937,metal,plastic
938,938,metal,trash
939,939,metal,plastic
940,940,metal,trash
941,941,metal,trash
942,942,metal,plastic
943,943,metal,trash
944,944,metal,trash
945,945,metal,trash
946,946,metal,plastic
947,947,metal,trash
948,948,metal,trash
949,949,metal,plastic
950,950,metal,plastic
951,951,metal,plastic
952,952,metal,trash
953,953,metal,trash
954,954,metal,trash
955,955,metal,trash
956,956,metal,trash
957,957,metal,trash
958,958,metal,plastic
959,959,metal,trash
960,960,metal,trash
961,961,metal,trash
962,962,metal,trash
963,963,metal,trash
964,964,metal,trash
965,965,metal,plastic
966,966,metal,trash
967,967,metal,plastic
968,968,metal,trash
969,969,metal,trash
970,970,metal,plastic
971,971,metal,trash
972,972,metal,plastic
973,973,metal,plastic
974,974,metal,plastic
975,975,metal,plastic
976,976,metal,plastic
977,977,metal,trash
978,978,metal,plastic
979,979,metal,plastic
980,980,metal,trash
981,981,metal,trash
982,982,metal,trash
983,983,metal,trash
984,984,metal,plastic
985,985,metal,trash
986,986,metal,plastic
987,987,metal,plastic
988,988,metal,plastic
989,989,metal,plastic
990,990,metal,plastic
991,991,metal,trash
992,992,metal,plastic
993,993,metal,plastic
994,994,metal,plastic
995,995,metal,plastic
996,996,metal,plastic
997,997,metal,trash
998,998,metal,trash
999,999,metal,plastic
1000,1000,metal,trash
1001,1001,metal,plastic
1002,1002,metal,trash
1003,1003,metal,trash
1004,1004,cardboard,trash
1005,1005,cardboard,trash
1006,1006,cardboard,plastic
1007,1007,cardboard,plastic
1008,1008,cardboard,trash
1009,1009,cardboard,trash
1010,1010,cardboard,plastic
1011,1011,cardboard,trash
1012,1012,cardboard,trash
1013,1013,cardboard,trash
1014,1014,cardboard,trash
1015,1015,cardboard,plastic
1016,1016,cardboard,trash
1017,1017,cardboard,trash
1018,1018,cardboard,plastic
1019,1019,cardboard,plastic
1020,1020,cardboard,trash
1021,1021,cardboard,trash
1022,1022,cardboard,trash
1023,1023,cardboard,trash
1024,1024,cardboard,paper
1025,1025,cardboard,trash
1026,1026,cardboard,trash
1027,1027,cardboard,plastic
1028,1028,cardboard,trash
1029,1029,cardboard,plastic
1030,1030,cardboard,trash
1031,1031,cardboard,trash
1032,1032,cardboard,trash
1033,1033,cardboard,trash
1034,1034,cardboard,plastic
1035,1035,cardboard,trash
1036,1036,cardboard,trash
1037,1037,cardboard,trash
1038,1038,cardboard,plastic
1039,1039,cardboard,plastic
1040,1040,cardboard,plastic
1041,1041,cardboard,trash
1042,1042,cardboard,paper
1043,1043,cardboard,trash
1044,1044,cardboard,trash
1045,1045,cardboard,trash
1046,1046,cardboard,plastic
1047,1047,cardboard,trash
1048,1048,cardboard,plastic
1049,1049,cardboard,trash
1050,1050,cardboard,plastic
1051,1051,cardboard,plastic
1052,1052,cardboard,trash
1053,1053,cardboard,plastic
1054,1054,cardboard,plastic
1055,1055,cardboard,paper
1056,1056,cardboard,plastic
1057,1057,cardboard,trash
1058,1058,cardboard,plastic
1059,1059,cardboard,trash
1060,1060,cardboard,trash
1061,1061,cardboard,trash
1062,1062,cardboard,trash
1063,1063,cardboard,trash
1064,1064,cardboard,plastic
1065,1065,cardboard,trash
1066,1066,cardboard,plastic
1067,1067,cardboard,trash
1068,1068,cardboard,plastic
1069,1069,cardboard,trash
1070,1070,cardboard,trash
1071,1071,cardboard,paper
1072,1072,cardboard,trash
1073,1073,cardboard,trash
1074,1074,cardboard,trash
1075,1075,cardboard,plastic
1076,1076,cardboard,trash
1077,1077,cardboard,trash
1078,1078,cardboard,plastic
1079,1079,cardboard,plastic
1080,1080,cardboard,plastic
1081,1081,cardboard,plastic
1082,1082,cardboard,trash
1083,1083,cardboard,plastic
1084,1084,cardboard,plastic
1085,1085,cardboard,trash
1086,1086,cardboard,trash
1087,1087,cardboard,plastic
1088,1088,cardboard,trash
1089,1089,cardboard,trash
1090,1090,cardboard,plastic
1091,1091,cardboard,paper
1092,1092,cardboard,trash
1093,1093,cardboard,plastic
1094,1094,cardboard,trash
1095,1095,cardboard,trash
1096,1096,cardboard,trash
1097,1097,cardboard,plastic
1098,1098,cardboard,trash
1099,1099,cardboard,trash
1100,1100,cardboard,plastic
1101,1101,cardboard,plastic
1102,1102,cardboard,trash
1103,1103,cardboard,trash
1104,1104,cardboard,plastic
1105,1105,cardboard,plastic
1106,1106,cardboard,plastic
1107,1107,cardboard,plastic
1108,1108,cardboard,plastic
1109,1109,cardboard,trash
1110,1110,cardboard,trash
1111,1111,cardboard,trash
1112,1112,cardboard,trash
1113,1113,cardboard,plastic
1114,1114,cardboard,trash
1115,1115,cardboard,plastic
1116,1116,cardboard,trash
1117,1117,cardboard,plastic
1118,1118,cardboard,trash
1119,1119,cardboard,trash
1120,1120,cardboard,trash
1121,1121,cardboard,trash
1122,1122,cardboard,trash
1123,1123,cardboard,trash
1124,1124,cardboard,trash
1125,1125,cardboard,trash
1126,1126,cardboard,trash
1127,1127,cardboard,trash
1128,1128,cardboard,trash
1129,1129,cardboard,trash
1130,1130,cardboard,trash
1131,1131,cardboard,plastic
1132,1132,cardboard,trash
1133,1133,cardboard,plastic
1134,1134,cardboard,trash
1135,1135,cardboard,trash
1136,1136,cardboard,trash
1137,1137,cardboard,plastic
1138,1138,cardboard,trash
1139,1139,cardboard,trash
1140,1140,cardboard,plastic
1141,1141,cardboard,plastic
1142,1142,cardboard,trash
1143,1143,cardboard,plastic
1144,1144,cardboard,plastic
1145,1145,cardboard,trash
1146,1146,cardboard,trash
1147,1147,cardboard,trash
1148,1148,cardboard,trash
1149,1149,cardboard,trash
1150,1150,cardboard,plastic
1151,1151,cardboard,trash
1152,1152,cardboard,plastic
1153,1153,cardboard,trash
1154,1154,cardboard,trash
1155,1155,cardboard,trash
1156,1156,cardboard,plastic
1157,1157,cardboard,trash
1158,1158,cardboard,trash
1159,1159,cardboard,plastic
1160,1160,cardboard,trash
1161,1161,cardboard,plastic
1162,1162,cardboard,trash
1163,1163,cardboard,trash
1164,1164,cardboard,trash
1165,1165,cardboard,trash
1166,1166,cardboard,trash
1167,1167,cardboard,plastic
1168,1168,cardboard,trash
1169,1169,cardboard,trash
1170,1170,cardboard,trash
1171,1171,cardboard,trash
1172,1172,cardboard,trash
1173,1173,cardboard,trash
1174,1174,cardboard,trash
1175,1175,cardboard,trash
1176,1176,cardboard,trash
1177,1177,cardboard,trash
1178,1178,cardboard,trash
1179,1179,cardboard,trash
1180,1180,cardboard,trash
1181,1181,cardboard,plastic
1182,1182,cardboard,trash
1183,1183,cardboard,trash
1184,1184,cardboard,trash
1185,1185,cardboard,trash
1186,1186,cardboard,trash
1187,1187,cardboard,trash
1188,1188,cardboard,trash
1189,1189,cardboard,trash
1190,1190,cardboard,trash
1191,1191,cardboard,trash
1192,1192,cardboard,trash
1193,1193,cardboard,trash
1194,1194,cardboard,trash
1195,1195,cardboard,trash
1196,1196,cardboard,trash
1197,1197,cardboard,trash
1198,1198,cardboard,trash
1199,1199,cardboard,trash
1200,1200,cardboard,trash
1201,1201,cardboard,trash
1202,1202,cardboard,trash
1203,1203,cardboard,trash
1204,1204,cardboard,trash
1205,1205,cardboard,trash
1206,1206,cardboard,trash
1207,1207,cardboard,trash
1208,1208,cardboard,plastic
1209,1209,cardboard,trash
1210,1210,cardboard,trash
1211,1211,cardboard,trash
1212,1212,cardboard,plastic
1213,1213,cardboard,plastic
1214,1214,cardboard,plastic
1215,1215,cardboard,trash
1216,1216,cardboard,trash
1217,1217,cardboard,trash
1218,1218,cardboard,trash
1219,1219,cardboard,trash
1220,1220,cardboard,trash
1221,1221,cardboard,trash
1222,1222,cardboard,trash
1223,1223,cardboard,trash
1224,1224,cardboard,trash
1225,1225,cardboard,plastic
1226,1226,cardboard,trash
1227,1227,cardboard,trash
1228,1228,cardboard,plastic
1229,1229,cardboard,trash
1230,1230,cardboard,trash
1231,1231,cardboard,trash
1232,1232,cardboard,trash
1233,1233,cardboard,trash
1234,1234,cardboard,plastic
1235,1235,cardboard,trash
1236,1236,cardboard,trash
1237,1237,cardboard,trash
1238,1238,cardboard,trash
1239,1239,cardboard,plastic
1240,1240,cardboard,plastic
1241,1241,cardboard,trash
1242,1242,cardboard,trash
1243,1243,cardboard,trash
1244,1244,cardboard,plastic
1245,1245,cardboard,trash
1246,1246,cardboard,trash
1247,1247,cardboard,trash
1248,1248,cardboard,trash
1249,1249,cardboard,trash
1250,1250,cardboard,plastic
1251,1251,cardboard,trash
1252,1252,cardboard,trash
1253,1253,cardboard,trash
1254,1254,cardboard,trash
1255,1255,cardboard,trash
1256,1256,cardboard,trash
1257,1257,cardboard,trash
1258,1258,cardboard,plastic
1259,1259,cardboard,trash
1260,1260,cardboard,trash
1261,1261,cardboard,trash
1262,1262,cardboard,trash
1263,1263,cardboard,plastic
1264,1264,cardboard,trash
1265,1265,cardboard,trash
1266,1266,cardboard,trash
1267,1267,cardboard,trash
1268,1268,cardboard,trash
1269,1269,cardboard,trash
1270,1270,cardboard,trash
1271,1271,cardboard,trash
1272,1272,cardboard,trash
1273,1273,cardboard,trash
1274,1274,cardboard,trash
1275,1275,cardboard,trash
1276,1276,cardboard,trash
1277,1277,cardboard,trash
1278,1278,cardboard,trash
1279,1279,cardboard,plastic
1280,1280,cardboard,trash
1281,1281,cardboard,trash
1282,1282,cardboard,trash
1283,1283,cardboard,trash
1284,1284,cardboard,trash
1285,1285,cardboard,trash
1286,1286,cardboard,plastic
1287,1287,cardboard,trash
1288,1288,cardboard,trash
1289,1289,cardboard,trash
1290,1290,cardboard,plastic
1291,1291,cardboard,trash
1292,1292,cardboard,trash
1293,1293,cardboard,trash
1294,1294,cardboard,trash
1295,1295,cardboard,trash
1296,1296,cardboard,trash
1297,1297,cardboard,plastic
1298,1298,cardboard,trash
1299,1299,cardboard,trash
1300,1300,cardboard,plastic
1301,1301,cardboard,plastic
1302,1302,cardboard,trash
1303,1303,cardboard,plastic
1304,1304,cardboard,trash
1305,1305,cardboard,trash
1306,1306,cardboard,trash
1307,1307,cardboard,trash
1308,1308,cardboard,trash
1309,1309,cardboard,trash
1310,1310,cardboard,trash
1311,1311,cardboard,plastic
1312,1312,cardboard,trash
1313,1313,cardboard,trash
1314,1314,cardboard,plastic
1315,1315,cardboard,trash
1316,1316,cardboard,trash
1317,1317,cardboard,trash
1318,1318,cardboard,trash
1319,1319,cardboard,trash
1320,1320,cardboard,plastic
1321,1321,cardboard,trash
1322,1322,cardboard,trash
1323,1323,cardboard,trash
1324,1324,cardboard,plastic
1325,1325,cardboard,trash
1326,1326,cardboard,paper
1327,1327,cardboard,trash
1328,1328,cardboard,plastic
1329,1329,cardboard,trash
1330,1330,cardboard,plastic
1331,1331,cardboard,trash
1332,1332,cardboard,plastic
1333,1333,cardboard,plastic
1334,1334,cardboard,plastic
1335,1335,cardboard,trash
1336,1336,cardboard,trash
1337,1337,cardboard,plastic
1338,1338,cardboard,trash
1339,1339,cardboard,trash
1340,1340,cardboard,plastic
1341,1341,cardboard,trash
1342,1342,cardboard,plastic
1343,1343,cardboard,plastic
1344,1344,cardboard,trash
1345,1345,cardboard,plastic
1346,1346,cardboard,trash
1347,1347,cardboard,trash
1348,1348,cardboard,plastic
1349,1349,cardboard,trash
1350,1350,cardboard,trash
1351,1351,cardboard,plastic
1352,1352,cardboard,trash
1353,1353,cardboard,trash
1354,1354,cardboard,trash
1355,1355,cardboard,trash
1356,1356,cardboard,plastic
1357,1357,cardboard,plastic
1358,1358,cardboard,trash
1359,1359,cardboard,trash
1360,1360,cardboard,plastic
1361,1361,cardboard,trash
1362,1362,cardboard,plastic
1363,1363,cardboard,paper
1364,1364,cardboard,trash
1365,1365,cardboard,plastic
1366,1366,cardboard,trash
1367,1367,cardboard,plastic
1368,1368,cardboard,plastic
1369,1369,cardboard,trash
1370,1370,cardboard,trash
1371,1371,cardboard,trash
1372,1372,cardboard,trash
1373,1373,cardboard,trash
1374,1374,cardboard,plastic
1375,1375,cardboard,plastic
1376,1376,cardboard,trash
1377,1377,cardboard,plastic
1378,1378,cardboard,trash
1379,1379,cardboard,trash
1380,1380,cardboard,plastic
1381,1381,cardboard,plastic
1382,1382,cardboard,plastic
1383,1383,cardboard,plastic
1384,1384,cardboard,trash
1385,1385,cardboard,plastic
1386,1386,cardboard,plastic
1387,1387,cardboard,trash
1388,1388,cardboard,trash
1389,1389,cardboard,trash
1390,1390,cardboard,trash
1391,1391,cardboard,trash
1392,1392,cardboard,trash
1393,1393,cardboard,plastic
1394,1394,cardboard,trash
1395,1395,cardboard,trash
1396,1396,cardboard,trash
1397,1397,cardboard,trash
1398,1398,cardboard,trash
1399,1399,cardboard,trash
1400,1400,cardboard,paper
1401,1401,cardboard,trash
1402,1402,cardboard,trash
1403,1403,cardboard,trash
1404,1404,cardboard,trash
1405,1405,cardboard,trash
1406,1406,cardboard,plastic
1407,1407,trash,trash
1408,1408,trash,trash
1409,1409,trash,trash
1410,1410,trash,trash
1411,1411,trash,trash
1412,1412,trash,trash
1413,1413,trash,trash
1414,1414,trash,trash
1415,1415,trash,trash
1416,1416,trash,trash
1417,1417,trash,trash
1418,1418,trash,trash
1419,1419,trash,trash
1420,1420,trash,trash
1421,1421,trash,trash
1422,1422,trash,trash
1423,1423,trash,trash
1424,1424,trash,trash
1425,1425,trash,trash
1426,1426,trash,trash
1427,1427,trash,trash
1428,1428,trash,trash
1429,1429,trash,trash
1430,1430,trash,trash
1431,1431,trash,trash
1432,1432,trash,trash
1433,1433,trash,trash
1434,1434,trash,trash
1435,1435,trash,trash
1436,1436,trash,trash
1437,1437,trash,trash
1438,1438,trash,trash
1439,1439,trash,trash
1440,1440,trash,trash
1441,1441,trash,trash
1442,1442,trash,trash
1443,1443,trash,trash
1444,1444,trash,trash
1445,1445,trash,trash
1446,1446,trash,trash
1447,1447,trash,trash
1448,1448,trash,trash
1449,1449,trash,trash
1450,1450,trash,trash
1451,1451,trash,trash
1452,1452,trash,trash
1453,1453,trash,trash
1454,1454,trash,trash
1455,1455,trash,trash
1456,1456,trash,trash
1457,1457,trash,trash
1458,1458,trash,trash
1459,1459,trash,trash
1460,1460,trash,trash
1461,1461,trash,trash
1462,1462,trash,trash
1463,1463,trash,trash
1464,1464,trash,trash
1465,1465,trash,trash
1466,1466,trash,trash
1467,1467,trash,trash
1468,1468,trash,trash
1469,1469,trash,trash
1470,1470,trash,trash
1471,1471,trash,trash
1472,1472,trash,trash
1473,1473,trash,trash
1474,1474,trash,trash
1475,1475,trash,trash
1476,1476,trash,trash
1477,1477,trash,trash
1478,1478,trash,trash
1479,1479,trash,trash
1480,1480,trash,trash
1481,1481,trash,trash
1482,1482,trash,trash
1483,1483,trash,trash
1484,1484,trash,trash
1485,1485,trash,trash
1486,1486,trash,trash
1487,1487,trash,trash
1488,1488,trash,trash
1489,1489,trash,trash
1490,1490,trash,trash
1491,1491,trash,trash
1492,1492,trash,trash
1493,1493,trash,trash
1494,1494,trash,trash
1495,1495,trash,trash
1496,1496,trash,trash
1497,1497,trash,trash
1498,1498,trash,trash
1499,1499,trash,trash
1500,1500,trash,trash
1501,1501,trash,trash
1502,1502,trash,trash
1503,1503,trash,trash
1504,1504,trash,trash
1505,1505,trash,trash
1506,1506,trash,trash
1507,1507,trash,trash
1508,1508,trash,trash
1509,1509,trash,trash
1510,1510,trash,trash
1511,1511,trash,trash
1512,1512,trash,trash
1513,1513,trash,trash
1514,1514,trash,trash
1515,1515,trash,trash
1516,1516,trash,trash
1517,1517,trash,trash
1518,1518,trash,trash
1519,1519,trash,trash
1520,1520,trash,trash
1521,1521,trash,trash
1522,1522,trash,trash
1523,1523,trash,trash
1524,1524,trash,trash
1525,1525,trash,trash
1526,1526,trash,trash
1527,1527,trash,trash
1528,1528,trash,trash
1529,1529,trash,trash
1530,1530,trash,trash
1531,1531,trash,trash
1532,1532,trash,trash
1533,1533,trash,trash
1534,1534,trash,trash
1535,1535,trash,trash
1536,1536,trash,trash
1537,1537,trash,trash
1538,1538,trash,trash
1539,1539,trash,trash
1540,1540,trash,trash
1541,1541,trash,trash
1542,1542,trash,trash
1543,1543,trash,trash
1544,1544,glass,trash
1545,1545,glass,trash
1546,1546,glass,trash
1547,1547,glass,trash
1548,1548,glass,trash
1549,1549,glass,trash
1550,1550,glass,plastic
1551,1551,glass,plastic
1552,1552,glass,trash
1553,1553,glass,trash
1554,1554,glass,trash
1555,1555,glass,trash
1556,1556,glass,trash
1557,1557,glass,trash
1558,1558,glass,trash
1559,1559,glass,trash
1560,1560,glass,trash
1561,1561,glass,trash
1562,1562,glass,trash
1563,1563,glass,plastic
1564,1564,glass,plastic
1565,1565,glass,trash
1566,1566,glass,paper
1567,1567,glass,trash
1568,1568,glass,trash
1569,1569,glass,trash
1570,1570,glass,trash
1571,1571,glass,trash
1572,1572,glass,trash
1573,1573,glass,plastic
1574,1574,glass,trash
1575,1575,glass,plastic
1576,1576,glass,plastic
1577,1577,glass,plastic
1578,1578,glass,plastic
1579,1579,glass,trash
1580,1580,glass,plastic
1581,1581,glass,trash
1582,1582,glass,trash
1583,1583,glass,trash
1584,1584,glass,plastic
1585,1585,glass,plastic
1586,1586,glass,trash
1587,1587,glass,trash
1588,1588,glass,plastic
1589,1589,glass,trash
1590,1590,glass,trash
1591,1591,glass,plastic
1592,1592,glass,trash
1593,1593,glass,trash
1594,1594,glass,trash
1595,1595,glass,trash
1596,1596,glass,plastic
1597,1597,glass,plastic
1598,1598,glass,trash
1599,1599,glass,plastic
1600,1600,glass,plastic
1601,1601,glass,plastic
1602,1602,glass,trash
1603,1603,glass,trash
1604,1604,glass,trash
1605,1605,glass,trash
1606,1606,glass,plastic
1607,1607,glass,trash
1608,1608,glass,trash
1609,1609,glass,trash
1610,1610,glass,plastic
1611,1611,glass,trash
1612,1612,glass,trash
1613,1613,glass,trash
1614,1614,glass,trash
1615,1615,glass,trash
1616,1616,glass,trash
1617,1617,glass,trash
1618,1618,glass,trash
1619,1619,glass,plastic
1620,1620,glass,trash
1621,1621,glass,plastic
1622,1622,glass,plastic
1623,1623,glass,plastic
1624,1624,glass,trash
1625,1625,glass,plastic
1626,1626,glass,plastic
1627,1627,glass,trash
1628,1628,glass,plastic
1629,1629,glass,trash
1630,1630,glass,trash
1631,1631,glass,trash
1632,1632,glass,trash
1633,1633,glass,trash
1634,1634,glass,trash
1635,1635,glass,trash
1636,1636,glass,trash
1637,1637,glass,plastic
1638,1638,glass,trash
1639,1639,glass,trash
1640,1640,glass,trash
1641,1641,glass,trash
1642,1642,glass,trash
1643,1643,glass,trash
1644,1644,glass,plastic
1645,1645,glass,plastic
1646,1646,glass,trash
1647,1647,glass,plastic
1648,1648,glass,trash
1649,1649,glass,trash
1650,1650,glass,trash
1651,1651,glass,plastic
1652,1652,glass,plastic
1653,1653,glass,trash
1654,1654,glass,trash
1655,1655,glass,trash
1656,1656,glass,trash
1657,1657,glass,trash
1658,1658,glass,trash
1659,1659,glass,plastic
1660,1660,glass,plastic
1661,1661,glass,trash
1662,1662,glass,trash
1663,1663,glass,plastic
1664,1664,glass,trash
1665,1665,glass,plastic
1666,1666,glass,paper
1667,1667,glass,trash
1668,1668,glass,plastic
1669,1669,glass,plastic
1670,1670,glass,trash
1671,1671,glass,trash
1672,1672,glass,plastic
1673,1673,glass,plastic
1674,1674,glass,plastic
1675,1675,glass,plastic
1676,1676,glass,trash
1677,1677,glass,trash
1678,1678,glass,plastic
1679,1679,glass,trash
1680,1680,glass,trash
1681,1681,glass,plastic
1682,1682,glass,plastic
1683,1683,glass,plastic
1684,1684,glass,trash
1685,1685,glass,trash
1686,1686,glass,plastic
1687,1687,glass,plastic
1688,1688,glass,plastic
1689,1689,glass,plastic
1690,1690,glass,trash
1691,1691,glass,trash
1692,1692,glass,trash
1693,1693,glass,trash
1694,1694,glass,trash
1695,1695,glass,plastic
1696,1696,glass,trash
1697,1697,glass,trash
1698,1698,glass,trash
1699,1699,glass,plastic
1700,1700,glass,trash
1701,1701,glass,trash
1702,1702,glass,plastic
1703,1703,glass,trash
1704,1704,glass,plastic
1705,1705,glass,trash
1706,1706,glass,plastic
1707,1707,glass,trash
1708,1708,glass,trash
1709,1709,glass,trash
1710,1710,glass,plastic
1711,1711,glass,trash
1712,1712,glass,plastic
1713,1713,glass,plastic
1714,1714,glass,plastic
1715,1715,glass,trash
1716,1716,glass,trash
1717,1717,glass,trash
1718,1718,glass,trash
1719,1719,glass,plastic
1720,1720,glass,trash
1721,1721,glass,trash
1722,1722,glass,trash
1723,1723,glass,plastic
1724,1724,glass,plastic
1725,1725,glass,plastic
1726,1726,glass,plastic
1727,1727,glass,plastic
1728,1728,glass,trash
1729,1729,glass,plastic
1730,1730,glass,trash
1731,1731,glass,trash
1732,1732,glass,trash
1733,1733,glass,plastic
1734,1734,glass,plastic
1735,1735,glass,plastic
1736,1736,glass,trash
1737,1737,glass,trash
1738,1738,glass,trash
1739,1739,glass,plastic
1740,1740,glass,plastic
1741,1741,glass,trash
1742,1742,glass,trash
1743,1743,glass,trash
1744,1744,glass,plastic
1745,1745,glass,trash
1746,1746,glass,trash
1747,1747,glass,paper
1748,1748,glass,paper
1749,1749,glass,plastic
1750,1750,glass,plastic
1751,1751,glass,trash
1752,1752,glass,trash
1753,1753,glass,plastic
1754,1754,glass,trash
1755,1755,glass,plastic
1756,1756,glass,trash
1757,1757,glass,plastic
1758,1758,glass,plastic
1759,1759,glass,trash
1760,1760,glass,plastic
1761,1761,glass,trash
1762,1762,glass,trash
1763,1763,glass,plastic
1764,1764,glass,trash
1765,1765,glass,trash
1766,1766,glass,trash
1767,1767,glass,plastic
1768,1768,glass,plastic
1769,1769,glass,trash
1770,1770,glass,trash
1771,1771,glass,trash
1772,1772,glass,plastic
1773,1773,glass,plastic
1774,1774,glass,plastic
1775,1775,glass,trash
1776,1776,glass,plastic
1777,1777,glass,trash
1778,1778,glass,plastic
1779,1779,glass,trash
1780,1780,glass,plastic
1781,1781,glass,trash
1782,1782,glass,trash
1783,1783,glass,trash
1784,1784,glass,trash
1785,1785,glass,plastic
1786,1786,glass,plastic
1787,1787,glass,trash
1788,1788,glass,trash
1789,1789,glass,trash
1790,1790,glass,trash
1791,1791,glass,plastic
1792,1792,glass,trash
1793,1793,glass,trash
1794,1794,glass,trash
1795,1795,glass,trash
1796,1796,glass,plastic
1797,1797,glass,plastic
1798,1798,glass,paper
1799,1799,glass,trash
1800,1800,glass,trash
1801,1801,glass,trash
1802,1802,glass,trash
1803,1803,glass,trash
1804,1804,glass,trash
1805,1805,glass,trash
1806,1806,glass,trash
1807,1807,glass,trash
1808,1808,glass,plastic
1809,1809,glass,plastic
1810,1810,glass,trash
1811,1811,glass,plastic
1812,1812,glass,trash
1813,1813,glass,trash
1814,1814,glass,trash
1815,1815,glass,trash
1816,1816,glass,trash
1817,1817,glass,plastic
1818,1818,glass,plastic
1819,1819,glass,trash
1820,1820,glass,plastic
1821,1821,glass,trash
1822,1822,glass,trash
1823,1823,glass,trash
1824,1824,glass,trash
1825,1825,glass,plastic
1826,1826,glass,trash
1827,1827,glass,paper
1828,1828,glass,plastic
1829,1829,glass,trash
1830,1830,glass,plastic
1831,1831,glass,trash
1832,1832,glass,plastic
1833,1833,glass,trash
1834,1834,glass,plastic
1835,1835,glass,plastic
1836,1836,glass,trash
1837,1837,glass,trash
1838,1838,glass,trash
1839,1839,glass,trash
1840,1840,glass,plastic
1841,1841,glass,trash
1842,1842,glass,trash
1843,1843,glass,plastic
1844,1844,glass,trash
1845,1845,glass,trash
1846,1846,glass,plastic
1847,1847,glass,trash
1848,1848,glass,trash
1849,1849,glass,trash
1850,1850,glass,plastic
1851,1851,glass,plastic
1852,1852,glass,trash
1853,1853,glass,trash
1854,1854,glass,trash
1855,1855,glass,plastic
1856,1856,glass,trash
1857,1857,glass,plastic
1858,1858,glass,plastic
1859,1859,glass,trash
1860,1860,glass,trash
1861,1861,glass,trash
1862,1862,glass,trash
1863,1863,glass,plastic
1864,1864,glass,plastic
1865,1865,glass,plastic
1866,1866,glass,trash
1867,1867,glass,trash
1868,1868,glass,plastic
1869,1869,glass,trash
1870,1870,glass,trash
1871,1871,glass,trash
1872,1872,glass,plastic
1873,1873,glass,plastic
1874,1874,glass,trash
1875,1875,glass,trash
1876,1876,glass,plastic
1877,1877,glass,trash
1878,1878,glass,trash
1879,1879,glass,trash
1880,1880,glass,trash
1881,1881,glass,trash
1882,1882,glass,trash
1883,1883,glass,trash
1884,1884,glass,trash
1885,1885,glass,plastic
1886,1886,glass,trash
1887,1887,glass,plastic
1888,1888,glass,trash
1889,1889,glass,trash
1890,1890,glass,plastic
1891,1891,glass,trash
1892,1892,glass,plastic
1893,1893,glass,plastic
1894,1894,glass,trash
1895,1895,glass,plastic
1896,1896,glass,plastic
1897,1897,glass,plastic
1898,1898,glass,trash
1899,1899,glass,trash
1900,1900,glass,trash
1901,1901,glass,trash
1902,1902,glass,trash
1903,1903,glass,plastic
1904,1904,glass,trash
1905,1905,glass,plastic
1906,1906,glass,plastic
1907,1907,glass,plastic
1908,1908,glass,trash
1909,1909,glass,trash
1910,1910,glass,trash
1911,1911,glass,plastic
1912,1912,glass,plastic
1913,1913,glass,trash
1914,1914,glass,trash
1915,1915,glass,plastic
1916,1916,glass,trash
1917,1917,glass,trash
1918,1918,glass,trash
1919,1919,glass,trash
1920,1920,glass,plastic
1921,1921,glass,plastic
1922,1922,glass,plastic
1923,1923,glass,trash
1924,1924,glass,trash
1925,1925,glass,plastic
1926,1926,glass,plastic
1927,1927,glass,trash
1928,1928,glass,trash
1929,1929,glass,plastic
1930,1930,glass,trash
1931,1931,glass,trash
1932,1932,glass,trash
1933,1933,glass,plastic
1934,1934,glass,trash
1935,1935,glass,plastic
1936,1936,glass,trash
1937,1937,glass,trash
1938,1938,glass,trash
1939,1939,glass,trash
1940,1940,glass,trash
1941,1941,glass,plastic
1942,1942,glass,plastic
1943,1943,glass,trash
1944,1944,glass,plastic
1945,1945,glass,plastic
1946,1946,glass,trash
1947,1947,glass,trash
1948,1948,glass,trash
1949,1949,glass,trash
1950,1950,glass,trash
1951,1951,glass,trash
1952,1952,glass,trash
1953,1953,glass,plastic
1954,1954,glass,plastic
1955,1955,glass,trash
1956,1956,glass,plastic
1957,1957,glass,trash
1958,1958,glass,trash
1959,1959,glass,plastic
1960,1960,glass,plastic
1961,1961,glass,plastic
1962,1962,glass,trash
1963,1963,glass,trash
1964,1964,glass,trash
1965,1965,glass,trash
1966,1966,glass,trash
1967,1967,glass,paper
1968,1968,glass,trash
1969,1969,glass,trash
1970,1970,glass,trash
1971,1971,glass,trash
1972,1972,glass,plastic
1973,1973,glass,trash
1974,1974,glass,trash
1975,1975,glass,plastic
1976,1976,glass,trash
1977,1977,glass,plastic
1978,1978,glass,plastic
1979,1979,glass,trash
1980,1980,glass,plastic
1981,1981,glass,trash
1982,1982,glass,trash
1983,1983,glass,trash
1984,1984,glass,trash
1985,1985,glass,plastic
1986,1986,glass,plastic
1987,1987,glass,trash
1988,1988,glass,plastic
1989,1989,glass,plastic
1990,1990,glass,plastic
1991,1991,glass,trash
1992,1992,glass,trash
1993,1993,glass,plastic
1994,1994,glass,trash
1995,1995,glass,trash
1996,1996,glass,trash
1997,1997,glass,plastic
1998,1998,glass,plastic
1999,1999,glass,trash
2000,2000,glass,trash
2001,2001,glass,trash
2002,2002,glass,plastic
2003,2003,glass,plastic
2004,2004,glass,trash
2005,2005,glass,paper
2006,2006,glass,trash
2007,2007,glass,plastic
2008,2008,glass,trash
2009,2009,glass,plastic
2010,2010,glass,plastic
2011,2011,glass,trash
2012,2012,glass,trash
2013,2013,glass,trash
2014,2014,glass,trash
2015,2015,glass,trash
2016,2016,glass,trash
2017,2017,glass,plastic
2018,2018,glass,plastic
2019,2019,glass,plastic
2020,2020,glass,plastic
2021,2021,glass,trash
2022,2022,glass,trash
2023,2023,glass,trash
2024,2024,glass,plastic
2025,2025,glass,trash
2026,2026,glass,trash
2027,2027,glass,plastic
2028,2028,glass,trash
2029,2029,glass,trash
2030,2030,glass,trash
2031,2031,glass,trash
2032,2032,glass,trash
2033,2033,glass,trash
2034,2034,glass,plastic
2035,2035,glass,plastic
2036,2036,glass,trash
2037,2037,glass,plastic
2038,2038,glass,trash
2039,2039,glass,plastic
2040,2040,glass,plastic
2041,2041,glass,plastic
2042,2042,glass,plastic
2043,2043,glass,trash
2044,2044,glass,trash
2045,2045,plastic,trash
2046,2046,plastic,plastic
2047,2047,plastic,plastic
2048,2048,plastic,plastic
2049,2049,plastic,plastic
2050,2050,plastic,trash
2051,2051,plastic,trash
2052,2052,plastic,trash
2053,2053,plastic,trash
2054,2054,plastic,trash
2055,2055,plastic,trash
2056,2056,plastic,plastic
2057,2057,plastic,trash
2058,2058,plastic,plastic
2059,2059,plastic,plastic
2060,2060,plastic,trash
2061,2061,plastic,plastic
2062,2062,plastic,plastic
2063,2063,plastic,plastic
2064,2064,plastic,plastic
2065,2065,plastic,trash
2066,2066,plastic,plastic
2067,2067,plastic,plastic
2068,2068,plastic,trash
2069,2069,plastic,trash
2070,2070,plastic,trash
2071,2071,plastic,trash
2072,2072,plastic,plastic
2073,2073,plastic,plastic
2074,2074,plastic,plastic
2075,2075,plastic,trash
2076,2076,plastic,plastic
2077,2077,plastic,trash
2078,2078,plastic,trash
2079,2079,plastic,plastic
2080,2080,plastic,plastic
2081,2081,plastic,trash
2082,2082,plastic,trash
2083,2083,plastic,plastic
2084,2084,plastic,plastic
2085,2085,plastic,plastic
2086,2086,plastic,plastic
2087,2087,plastic,plastic
2088,2088,plastic,trash
2089,2089,plastic,trash
2090,2090,plastic,trash
2091,2091,plastic,trash
2092,2092,plastic,plastic
2093,2093,plastic,plastic
2094,2094,plastic,plastic
2095,2095,plastic,trash
2096,2096,plastic,plastic
2097,2097,plastic,trash
2098,2098,plastic,plastic
2099,2099,plastic,trash
2100,2100,plastic,trash
2101,2101,plastic,plastic
2102,2102,plastic,plastic
2103,2103,plastic,plastic
2104,2104,plastic,trash
2105,2105,plastic,trash
2106,2106,plastic,plastic
2107,2107,plastic,trash
2108,2108,plastic,plastic
2109,2109,plastic,trash
2110,2110,plastic,plastic
2111,2111,plastic,plastic
2112,2112,plastic,plastic
2113,2113,plastic,plastic
2114,2114,plastic,trash
2115,2115,plastic,trash
2116,2116,plastic,trash
2117,2117,plastic,trash
2118,2118,plastic,plastic
2119,2119,plastic,trash
2120,2120,plastic,trash
2121,2121,plastic,plastic
2122,2122,plastic,plastic
2123,2123,plastic,plastic
2124,2124,plastic,trash
2125,2125,plastic,plastic
2126,2126,plastic,plastic
2127,2127,plastic,plastic
2128,2128,plastic,trash
2129,2129,plastic,plastic
2130,2130,plastic,trash
2131,2131,plastic,trash
2132,2132,plastic,plastic
2133,2133,plastic,plastic
2134,2134,plastic,plastic
2135,2135,plastic,plastic
2136,2136,plastic,plastic
2137,2137,plastic,plastic
2138,2138,plastic,plastic
2139,2139,plastic,plastic
2140,2140,plastic,trash
2141,2141,plastic,trash
2142,2142,plastic,plastic
2143,2143,plastic,trash
2144,2144,plastic,plastic
2145,2145,plastic,plastic
2146,2146,plastic,plastic
2147,2147,plastic,trash
2148,2148,plastic,plastic
2149,2149,plastic,plastic
2150,2150,plastic,trash
2151,2151,plastic,plastic
2152,2152,plastic,plastic
2153,2153,plastic,plastic
2154,2154,plastic,trash
2155,2155,plastic,plastic
2156,2156,plastic,trash
2157,2157,plastic,plastic
2158,2158,plastic,trash
2159,2159,plastic,trash
2160,2160,plastic,trash
2161,2161,plastic,trash
2162,2162,plastic,plastic
2163,2163,plastic,plastic
2164,2164,plastic,trash
2165,2165,plastic,trash
2166,2166,plastic,trash
2167,2167,plastic,plastic
2168,2168,plastic,plastic
2169,2169,plastic,trash
2170,2170,plastic,plastic
2171,2171,plastic,plastic
2172,2172,plastic,trash
2173,2173,plastic,trash
2174,2174,plastic,plastic
2175,2175,plastic,trash
2176,2176,plastic,plastic
2177,2177,plastic,plastic
2178,2178,plastic,plastic
2179,2179,plastic,plastic
2180,2180,plastic,plastic
2181,2181,plastic,plastic
2182,2182,plastic,plastic
2183,2183,plastic,plastic
2184,2184,plastic,trash
2185,2185,plastic,trash
2186,2186,plastic,plastic
2187,2187,plastic,trash
2188,2188,plastic,trash
2189,2189,plastic,trash
2190,2190,plastic,trash
2191,2191,plastic,plastic
2192,2192,plastic,plastic
2193,2193,plastic,plastic
2194,2194,plastic,plastic
2195,2195,plastic,plastic
2196,2196,plastic,trash
2197,2197,plastic,plastic
2198,2198,plastic,plastic
2199,2199,plastic,trash
2200,2200,plastic,plastic
2201,2201,plastic,plastic
2202,2202,plastic,trash
2203,2203,plastic,trash
2204,2204,plastic,plastic
2205,2205,plastic,trash
2206,2206,plastic,trash
2207,2207,plastic,plastic
2208,2208,plastic,plastic
2209,2209,plastic,plastic
2210,2210,plastic,trash
2211,2211,plastic,plastic
2212,2212,plastic,trash
2213,2213,plastic,plastic
2214,2214,plastic,plastic
2215,2215,plastic,plastic
2216,2216,plastic,trash
2217,2217,plastic,trash
2218,2218,plastic,trash
2219,2219,plastic,trash
2220,2220,plastic,trash
2221,2221,plastic,trash
2222,2222,plastic,plastic
2223,2223,plastic,plastic
2224,2224,plastic,plastic
2225,2225,plastic,plastic
2226,2226,plastic,plastic
2227,2227,plastic,plastic
2228,2228,plastic,trash
2229,2229,plastic,plastic
2230,2230,plastic,trash
2231,2231,plastic,trash
2232,2232,plastic,trash
2233,2233,plastic,trash
2234,2234,plastic,trash
2235,2235,plastic,plastic
2236,2236,plastic,trash
2237,2237,plastic,trash
2238,2238,plastic,trash
2239,2239,plastic,plastic
2240,2240,plastic,trash
2241,2241,plastic,plastic
2242,2242,plastic,plastic
2243,2243,plastic,trash
2244,2244,plastic,plastic
2245,2245,plastic,plastic
2246,2246,plastic,trash
2247,2247,plastic,plastic
2248,2248,plastic,trash
2249,2249,plastic,plastic
2250,2250,plastic,trash
2251,2251,plastic,plastic
2252,2252,plastic,trash
2253,2253,plastic,plastic
2254,2254,plastic,plastic
2255,2255,plastic,trash
2256,2256,plastic,plastic
2257,2257,plastic,trash
2258,2258,plastic,trash
2259,2259,plastic,trash
2260,2260,plastic,plastic
2261,2261,plastic,trash
2262,2262,plastic,plastic
2263,2263,plastic,plastic
2264,2264,plastic,plastic
2265,2265,plastic,trash
2266,2266,plastic,plastic
2267,2267,plastic,trash
2268,2268,plastic,trash
2269,2269,plastic,plastic
2270,2270,plastic,plastic
2271,2271,plastic,plastic
2272,2272,plastic,plastic
2273,2273,plastic,plastic
2274,2274,plastic,trash
2275,2275,plastic,plastic
2276,2276,plastic,trash
2277,2277,plastic,plastic
2278,2278,plastic,trash
2279,2279,plastic,plastic
2280,2280,plastic,plastic
2281,2281,plastic,trash
2282,2282,plastic,trash
2283,2283,plastic,plastic
2284,2284,plastic,plastic
2285,2285,plastic,trash
2286,2286,plastic,trash
2287,2287,plastic,trash
2288,2288,plastic,trash
2289,2289,plastic,trash
2290,2290,plastic,trash
2291,2291,plastic,plastic
2292,2292,plastic,trash
2293,2293,plastic,plastic
2294,2294,plastic,plastic
2295,2295,plastic,trash
2296,2296,plastic,trash
2297,2297,plastic,trash
2298,2298,plastic,plastic
2299,2299,plastic,trash
2300,2300,plastic,plastic
2301,2301,plastic,trash
2302,2302,plastic,plastic
2303,2303,plastic,trash
2304,2304,plastic,trash
2305,2305,plastic,plastic
2306,2306,plastic,plastic
2307,2307,plastic,plastic
2308,2308,plastic,trash
2309,2309,plastic,plastic
2310,2310,plastic,trash
2311,2311,plastic,trash
2312,2312,plastic,trash
2313,2313,plastic,plastic
2314,2314,plastic,trash
2315,2315,plastic,trash
2316,2316,plastic,trash
2317,2317,plastic,plastic
2318,2318,plastic,trash
2319,2319,plastic,plastic
2320,2320,plastic,trash
2321,2321,plastic,trash
2322,2322,plastic,trash
2323,2323,plastic,plastic
2324,2324,plastic,trash
2325,2325,plastic,trash
2326,2326,plastic,trash
2327,2327,plastic,trash
2328,2328,plastic,trash
2329,2329,plastic,trash
2330,2330,plastic,plastic
2331,2331,plastic,trash
2332,2332,plastic,plastic
2333,2333,plastic,plastic
2334,2334,plastic,plastic
2335,2335,plastic,plastic
2336,2336,plastic,trash
2337,2337,plastic,trash
2338,2338,plastic,plastic
2339,2339,plastic,trash
2340,2340,plastic,trash
2341,2341,plastic,trash
2342,2342,plastic,trash
2343,2343,plastic,plastic
2344,2344,plastic,trash
2345,2345,plastic,plastic
2346,2346,plastic,trash
2347,2347,plastic,plastic
2348,2348,plastic,plastic
2349,2349,plastic,trash
2350,2350,plastic,plastic
2351,2351,plastic,trash
2352,2352,plastic,plastic
2353,2353,plastic,plastic
2354,2354,plastic,plastic
2355,2355,plastic,trash
2356,2356,plastic,plastic
2357,2357,plastic,trash
2358,2358,plastic,plastic
2359,2359,plastic,trash
2360,2360,plastic,plastic
2361,2361,plastic,trash
2362,2362,plastic,trash
2363,2363,plastic,plastic
2364,2364,plastic,trash
2365,2365,plastic,trash
2366,2366,plastic,plastic
2367,2367,plastic,plastic
2368,2368,plastic,trash
2369,2369,plastic,trash
2370,2370,plastic,plastic
2371,2371,plastic,plastic
2372,2372,plastic,trash
2373,2373,plastic,trash
2374,2374,plastic,trash
2375,2375,plastic,trash
2376,2376,plastic,plastic
2377,2377,plastic,plastic
2378,2378,plastic,plastic
2379,2379,plastic,plastic
2380,2380,plastic,plastic
2381,2381,plastic,plastic
2382,2382,plastic,plastic
2383,2383,plastic,trash
2384,2384,plastic,trash
2385,2385,plastic,plastic
2386,2386,plastic,plastic
2387,2387,plastic,plastic
2388,2388,plastic,plastic
2389,2389,plastic,plastic
2390,2390,plastic,trash
2391,2391,plastic,trash
2392,2392,plastic,trash
2393,2393,plastic,trash
2394,2394,plastic,trash
2395,2395,plastic,trash
2396,2396,plastic,plastic
2397,2397,plastic,trash
2398,2398,plastic,plastic
2399,2399,plastic,trash
2400,2400,plastic,plastic
2401,2401,plastic,plastic
2402,2402,plastic,trash
2403,2403,plastic,trash
2404,2404,plastic,trash
2405,2405,plastic,trash
2406,2406,plastic,plastic
2407,2407,plastic,trash
2408,2408,plastic,plastic
2409,2409,plastic,plastic
2410,2410,plastic,trash
2411,2411,plastic,trash
2412,2412,plastic,trash
2413,2413,plastic,plastic
2414,2414,plastic,plastic
2415,2415,plastic,plastic
2416,2416,plastic,plastic
2417,2417,plastic,plastic
2418,2418,plastic,plastic
2419,2419,plastic,trash
2420,2420,plastic,trash
2421,2421,plastic,trash
2422,2422,plastic,trash
2423,2423,plastic,plastic
2424,2424,plastic,plastic
2425,2425,plastic,plastic
2426,2426,plastic,plastic
2427,2427,plastic,trash
2428,2428,plastic,trash
2429,2429,plastic,plastic
2430,2430,plastic,trash
2431,2431,plastic,plastic
2432,2432,plastic,plastic
2433,2433,plastic,plastic
2434,2434,plastic,trash
2435,2435,plastic,plastic
2436,2436,plastic,trash
2437,2437,plastic,trash
2438,2438,plastic,trash
2439,2439,plastic,plastic
2440,2440,plastic,trash
2441,2441,plastic,trash
2442,2442,plastic,trash
2443,2443,plastic,plastic
2444,2444,plastic,plastic
2445,2445,plastic,plastic
2446,2446,plastic,plastic
2447,2447,plastic,trash
2448,2448,plastic,trash
2449,2449,plastic,plastic
2450,2450,plastic,trash
2451,2451,plastic,trash
2452,2452,plastic,trash
2453,2453,plastic,trash
2454,2454,plastic,trash
2455,2455,plastic,plastic
2456,2456,plastic,trash
2457,2457,plastic,plastic
2458,2458,plastic,plastic
2459,2459,plastic,plastic
2460,2460,plastic,plastic
2461,2461,plastic,plastic
2462,2462,plastic,plastic
2463,2463,plastic,trash
2464,2464,plastic,trash
2465,2465,plastic,plastic
2466,2466,plastic,trash
2467,2467,plastic,trash
2468,2468,plastic,plastic
2469,2469,plastic,trash
2470,2470,plastic,trash
2471,2471,plastic,plastic
2472,2472,plastic,trash
2473,2473,plastic,trash
2474,2474,plastic,plastic
2475,2475,plastic,plastic
2476,2476,plastic,trash
2477,2477,plastic,plastic
2478,2478,plastic,plastic
2479,2479,plastic,plastic
2480,2480,plastic,plastic
2481,2481,plastic,plastic
2482,2482,plastic,plastic
2483,2483,plastic,trash
2484,2484,plastic,plastic
2485,2485,plastic,trash
2486,2486,plastic,trash
2487,2487,plastic,plastic
2488,2488,plastic,trash
2489,2489,plastic,plastic
2490,2490,plastic,trash
2491,2491,plastic,plastic
2492,2492,plastic,plastic
2493,2493,plastic,trash
2494,2494,plastic,plastic
2495,2495,plastic,plastic
2496,2496,plastic,trash
2497,2497,plastic,plastic
2498,2498,plastic,plastic
2499,2499,plastic,plastic
2500,2500,plastic,trash
2501,2501,plastic,trash
2502,2502,plastic,trash
2503,2503,plastic,plastic
2504,2504,plastic,trash
2505,2505,plastic,plastic
2506,2506,plastic,plastic
2507,2507,plastic,plastic
2508,2508,plastic,plastic
2509,2509,plastic,plastic
2510,2510,plastic,trash
2511,2511,plastic,plastic
2512,2512,plastic,trash
2513,2513,plastic,trash
2514,2514,plastic,trash
2515,2515,plastic,plastic
2516,2516,plastic,plastic
2517,2517,plastic,trash
2518,2518,plastic,trash
2519,2519,plastic,trash
2520,2520,plastic,plastic
2521,2521,plastic,plastic
2522,2522,plastic,plastic
2523,2523,plastic,plastic
2524,2524,plastic,plastic
2525,2525,plastic,trash
2526,2526,plastic,plastic
